prediction,target
0.8469654403129173,1
0.11018159801823173,0
0.5095487634819558,1
0.8774680868549039,1
0.21887662763551946,0
0.5943084565960619,1
0.26991728889072153,0
0.8174326668289031,1
0.7684385845594771,1
0.8531574916086602,1
0.23976528542391407,1
0.6061497953375804,1
0.40794111140591693,0
0.6627103237921089,1
0.6990234045874089,1
0.8531691252688592,1
0.25080077881934293,0
0.11089590094534381,0
0.5471438432995521,1
0.7769300451553465,1
0.25018068740745936,0
0.8459334901888409,1
0.9015066032784276,1
0.8586700649198746,1
0.8400023110045938,1
0.8881900522038462,1
0.6533166678023853,1
0.7297107253511788,1
0.14461063748630137,0
0.24137952391991774,0
0.8429237967707028,1
0.5948458404530481,1
0.548927660722042,1
0.8837243588189688,1
0.8848413741638996,1
0.8236904381051808,0
0.17225316212894196,0
0.24605858189650945,0
0.16313692576807506,0
0.8848413741638996,1
0.8387199126240485,1
0.1691284668387994,0
0.1678010892220523,0
0.22430078110976365,0
0.5502758306865541,1
0.8881900522038462,1
0.8209893315179928,1
0.23162392640252943,1
0.6983843298494387,0
0.7369773613624812,1
0.8515980695734982,1
0.8525808227440507,1
0.873796419570797,1
0.7772533663481298,1
0.8466378341510463,1
0.38249106395772364,0
0.20673139294380977,0
0.8689322370622714,1
0.17921898568840622,0
0.1628524176262407,0
0.17591992697446052,0
0.1626648798942446,0
0.5195125043171236,1
0.17136592121632624,0
0.5704243486102881,1
0.17205538175494203,0
0.14470556232419512,0
0.8555017955071984,1
0.24895635443130826,0
0.8964736135272279,1
0.30647324040695645,0
0.738425218575889,1
0.7684385845594771,1
0.17406094160718097,0
0.7684385845594771,1
0.16352230647415783,0
0.16341610951067692,0
0.17493151827661685,0
0.8721321359382715,1
0.7220152551831684,1
0.4699980223813426,0
0.16389251971953683,0
0.20607099755885586,0
0.8088260320935154,1
0.7051409688531418,1
0.7684385845594771,1
0.17357266157232398,0
0.7301196591332196,1
0.8204168532233723,1
0.32363658138447643,0
0.17280925633860558,0
0.8258193555572826,1
0.8837243588189688,1
0.2400131926404586,1
0.8917491402419572,1
0.7036286584488189,1
0.1114012674237328,0
0.279573861618699,0
0.371626457498134,0
0.21907721260029392,0
0.8187638904428163,0
0.8855761188922324,1
0.8075422940435795,1
0.8169761015260792,1
0.13024619912063556,0
0.2473206237415016,1
0.8728118232680944,1
0.8837975289929163,1
0.4490224815775692,0
0.16464554076102944,0
0.8495643534585099,1
0.8491481663599121,1
0.15729027889832306,0
0.2529691467797546,0
0.8548208056063785,1
0.8896388417052723,1
0.1627170445777651,0
0.7684385845594771,1
0.8492641038225107,1
0.6938922132108301,1
0.8460386895387082,1
0.13339735482467308,0
0.6228316239823393,0
0.7807936235553916,1
0.17084070475354446,0
0.1699771976742678,0
0.5772443650958785,1
0.8720824151366665,1
0.1630416609333943,0
0.19107932293650093,0
0.7684385845594771,0
0.6130993034623288,0
0.19955829786714613,0
0.8142422424990965,1
0.12289765012886159,0
0.5533055126104626,1
0.4781584931181369,0
0.24817106774282496,1
0.8546155789807628,1
0.856359124079027,1
0.5799933309527966,1
0.1679649596602346,0
0.8545243518989529,1
0.150126375794363,0
0.1753251052294988,0
0.2486628085031206,0
0.8261067622402912,1
0.661201695678451,1
0.3514942033330486,0
0.8837243588189688,1
0.15980653186217944,0
0.29820779239167455,0
0.23395823575719557,0
0.6108024973906497,0
0.854456190891258,1
0.8416001058726603,1
0.71460905934136,0
0.8442509969456781,1
0.19377142806099162,0
0.24873441330141094,1
0.20673139294380977,0
0.8629762353375823,1
0.24764794262325793,0
0.5435209250075738,1
0.12248650136133694,0
0.8421087788792103,1
0.5460098720436722,0
0.32972520812274025,1
0.842414784158738,1
0.8332979046867127,1
0.8854899145073528,0
0.17299921448852457,0
0.8579341290677454,1
0.26700826603073147,0
0.6505835326403733,1
0.5507886854708882,1
0.8350916575467211,1
0.5518886854431061,1
0.1679649596602346,0
0.5519754607679309,1
0.78122244537803,1
0.5562657129149224,0
