name,model_type,metric_type,metric_value,train_time
1_Baseline,Baseline,accuracy,0.5604395604395604,0.76
2_DecisionTree,Decision Tree,accuracy,0.8571428571428571,8.23
3_Linear,Linear,accuracy,0.8241758241758241,8.61
5_Default_Xgboost,Xgboost,accuracy,0.8791208791208791,9.5
6_Default_CatBoost,CatBoost,accuracy,0.8956043956043956,2.65
7_Default_NeuralNetwork,Neural Network,accuracy,0.8736263736263736,3.86
8_Default_RandomForest,Random Forest,accuracy,0.8846153846153846,3.21
9_Default_ExtraTrees,Extra Trees,accuracy,0.8791208791208791,2.85
10_Default_NearestNeighbors,Nearest Neighbors,accuracy,0.8736263736263736,2.2
Ensemble,Ensemble,accuracy,0.9010989010989011,1.71
